100,Maye,Hurley,Maye.Hurley@yopmail.com
101,Janis,Janith,Janis.Janith@yopmail.com
102,Taffy,Philoo,Taffy.Philoo@yopmail.com
103,Ebonee,Morehouse,Ebonee.Morehouse@yopmail.com
104,Raf,Kolnick,Raf.Kolnick@yopmail.com
105,Isa,Phaidra,Isa.Phaidra@yopmail.com
106,Fred,Therine,Fred.Therine@yopmail.com
107,Merle,Izaak,Merle.Izaak@yopmail.com
108,Dianemarie,Raffo,Dianemarie.Raffo@yopmail.com
109,Kate,Ferino,Kate.Ferino@yopmail.com
110,Dione,Marcellus,Dione.Marcellus@yopmail.com
111,Valera,Katrine,Valera.Katrine@yopmail.com
112,Regina,Arvo,Regina.Arvo@yopmail.com
113,Merry,Dielu,Merry.Dielu@yopmail.com
114,Etta,Sigfrid,Etta.Sigfrid@yopmail.com
115,Amalie,Standing,Amalie.Standing@yopmail.com
116,Adore,Lalitta,Adore.Lalitta@yopmail.com
117,Tybie,Pillsbury,Tybie.Pillsbury@yopmail.com
118,Dianemarie,Lowry,Dianemarie.Lowry@yopmail.com
119,Correy,Rese,Correy.Rese@yopmail.com
120,Andree,Baudin,Andree.Baudin@yopmail.com
121,Meghann,Ariella,Meghann.Ariella@yopmail.com
122,Jemie,Fennessy,Jemie.Fennessy@yopmail.com
123,Raquela,Thornburg,Raquela.Thornburg@yopmail.com
124,Marylou,Aprile,Marylou.Aprile@yopmail.com
125,Roslyn,Pip,Roslyn.Pip@yopmail.com
126,Gwenneth,Old,Gwenneth.Old@yopmail.com
127,Gusty,Ardra,Gusty.Ardra@yopmail.com
128,Peri,Presber,Peri.Presber@yopmail.com
129,Aubrie,Primalia,Aubrie.Primalia@yopmail.com
130,Charissa,Sophronia,Charissa.Sophronia@yopmail.com
131,Lonnie,Dimitris,Lonnie.Dimitris@yopmail.com
132,Vere,Eachern,Vere.Eachern@yopmail.com
133,Pollyanna,Edvard,Pollyanna.Edvard@yopmail.com
134,Shaylyn,Sprage,Shaylyn.Sprage@yopmail.com
135,Kara-Lynn,Belanger,Kara-Lynn.Belanger@yopmail.com
136,Jeanna,Peonir,Jeanna.Peonir@yopmail.com
137,Jenda,Joli,Jenda.Joli@yopmail.com
138,Lory,Isidore,Lory.Isidore@yopmail.com
139,Edith,Nelsen,Edith.Nelsen@yopmail.com
140,Berget,Myrilla,Berget.Myrilla@yopmail.com
141,Lily,Rhu,Lily.Rhu@yopmail.com
142,Jolyn,Pattin,Jolyn.Pattin@yopmail.com
143,Katuscha,Hailee,Katuscha.Hailee@yopmail.com
144,Addia,Hunfredo,Addia.Hunfredo@yopmail.com
145,Ricky,Kolnick,Ricky.Kolnick@yopmail.com
146,Aurore,Roarke,Aurore.Roarke@yopmail.com
147,Laurene,Wilona,Laurene.Wilona@yopmail.com
148,Tani,Newell,Tani.Newell@yopmail.com
149,Lorne,Carleen,Lorne.Carleen@yopmail.com
150,Perry,Bennie,Perry.Bennie@yopmail.com
151,Carmencita,Adore,Carmencita.Adore@yopmail.com
152,Annabela,Rugen,Annabela.Rugen@yopmail.com
153,Hollie,Allina,Hollie.Allina@yopmail.com
154,Steffane,Maribeth,Steffane.Maribeth@yopmail.com
155,Keelia,Albertine,Keelia.Albertine@yopmail.com
156,Jessy,Gombach,Jessy.Gombach@yopmail.com
157,Elka,Vorster,Elka.Vorster@yopmail.com
158,Loree,Philipp,Loree.Philipp@yopmail.com
159,Tressa,Elbertina,Tressa.Elbertina@yopmail.com
160,Dawn,Damarra,Dawn.Damarra@yopmail.com
161,Edith,Wilona,Edith.Wilona@yopmail.com
162,Devina,Huggins,Devina.Huggins@yopmail.com
163,Phedra,Clara,Phedra.Clara@yopmail.com
164,Natka,Brotherson,Natka.Brotherson@yopmail.com
165,Kittie,O'Rourke,Kittie.O'Rourke@yopmail.com
166,Elise,Katrine,Elise.Katrine@yopmail.com
167,Jeanna,Arquit,Jeanna.Arquit@yopmail.com
168,Adelle,Gombach,Adelle.Gombach@yopmail.com
169,Chere,Vacuva,Chere.Vacuva@yopmail.com
170,Shaine,Knowling,Shaine.Knowling@yopmail.com
171,Tersina,Phaidra,Tersina.Phaidra@yopmail.com
172,Nerta,Chapland,Nerta.Chapland@yopmail.com
173,Carmencita,Evvie,Carmencita.Evvie@yopmail.com
174,Clementine,Rustice,Clementine.Rustice@yopmail.com
175,Kaja,Lipson,Kaja.Lipson@yopmail.com
176,Dode,Hunfredo,Dode.Hunfredo@yopmail.com
177,Fidelia,Fabiola,Fidelia.Fabiola@yopmail.com
178,Goldie,Erminia,Goldie.Erminia@yopmail.com
179,Di,Harday,Di.Harday@yopmail.com
180,Georgetta,Berard,Georgetta.Berard@yopmail.com
181,Allyce,Phaidra,Allyce.Phaidra@yopmail.com
182,June,Hull,June.Hull@yopmail.com
183,Mary,Bach,Mary.Bach@yopmail.com
184,Pollyanna,Hurley,Pollyanna.Hurley@yopmail.com
185,Charmaine,Swanhildas,Charmaine.Swanhildas@yopmail.com
186,Aurore,Iphlgenia,Aurore.Iphlgenia@yopmail.com
187,Livvyy,Cavan,Livvyy.Cavan@yopmail.com
188,Cindelyn,Genna,Cindelyn.Genna@yopmail.com
189,Jere,Robertson,Jere.Robertson@yopmail.com
190,Alyssa,Medrek,Alyssa.Medrek@yopmail.com
191,Fred,Atcliffe,Fred.Atcliffe@yopmail.com
192,Codie,Nedrud,Codie.Nedrud@yopmail.com
193,Pamella,Gahl,Pamella.Gahl@yopmail.com
194,Winifred,Donell,Winifred.Donell@yopmail.com
195,Meg,Raul,Meg.Raul@yopmail.com
196,Briney,Rona,Briney.Rona@yopmail.com
197,Alie,Yate,Alie.Yate@yopmail.com
198,Britni,Ledah,Britni.Ledah@yopmail.com
199,Arlena,Macey,Arlena.Macey@yopmail.com